{"quartznet": {"YBAA": {"1": [0.027640586630194162, 0.027083701194334602, 0.028005105734569824, 0.029134577691296685], "2": [0.027449981742021515, 0.027067449155361308, 0.027907003553846822, 0.028989308230025903], "3": [0.027608055517683895, 0.027082560929752638, 0.027954033072955877, 0.029159608659368518]}, "ZHAA": {"1": [0.027914722459293356, 0.02747369213450508, 0.028213024009032438, 0.029324632219334058], "2": [0.027790796639826768, 0.02746696896191478, 0.02819899285323721, 0.029248956269920297], "3": [0.028180102632041903, 0.027370415963102183, 0.028091714069765374, 0.02912736546630615]}, "ASI": {"1": [0.027883704035133405, 0.02731452162785202, 0.028194084040922766, 0.029248455500215022], "2": [0.027756276126060617, 0.027308975875258625, 0.028177011911638378, 0.029249858327703923], "3": [0.02791880798300183, 0.027335810238720455, 0.028109089292744336, 0.029175750230253428]}, "TNI": {"1": [0.027850102429983644, 0.027372509661268703, 0.028205750543477993, 0.029289340716836414], "2": [0.027887573119585025, 0.02737768894456599, 0.0282043063299407, 0.029307428907586558], "3": [0.027884149176399493, 0.027326398895030267, 0.028126693947599073, 0.029219237246921437]}, "NCC": {"1": [0.027756276126060617, 0.02734379398264301, 0.02828955455523881, 0.029317570643521026], "2": [0.027772542394485365, 0.02739477097137263, 0.028269364687580633, 0.0293461163127464], "3": [0.027968813059032992, 0.02734606085284937, 0.028167572764125823, 0.029223780298578136]}, "TXHC": {"1": [0.02810117480074388, 0.02748697599736938, 0.028193620928478054, 0.029293619045696898], "2": [0.027931741701580293, 0.027511465913949967, 0.028189293934737965, 0.029239820452479446], "3": [0.028266571921134576, 0.027419809549195807, 0.02806263818564903, 0.029061293076635814]}, "EBVS": {"1": [0.02739059904557807, 0.02727953930988075, 0.028292654200486583, 0.029827035981533266], "2": [0.02739059904557807, 0.027193609162042644, 0.028327534864055422, 0.02973950559450533], "3": [0.02741983181099338, 0.02727953930988075, 0.028280895658990633, 0.029778998623006373]}, "ERMS": {"1": [0.02801389320154993, 0.027490655514671423, 0.028248381527322064, 0.029374775939667804], "2": [0.027833224215648086, 0.027507630497863193, 0.02820921778459827, 0.029318552049896574], "3": [0.028136012379221517, 0.02741358505892456, 0.028118075431631553, 0.029149400086995545]}, "YDCK": {"1": [0.027887877109066934, 0.027371459145156887, 0.028226440275450532, 0.02926349783442769], "2": [0.027741453595409738, 0.027393490361792394, 0.028234727653281413, 0.02933718984503122], "3": [0.027939066838508452, 0.02732756268995501, 0.02814101672384037, 0.029253251390650072]}, "YKWK": {"1": [0.027950019406487493, 0.027393512265482377, 0.028310562084260155, 0.029337344214775414], "2": [0.027753597278952272, 0.027423264663765396, 0.028309228836291892, 0.029403139073079433], "3": [0.02798104548692886, 0.02736319659571678, 0.028215081474850526, 0.029271759039514216]}, "THV": {"1": [0.028068484089654344, 0.027476316388034484, 0.028228127916075207, 0.029334350198312212], "2": [0.027882533633417403, 0.02748697599736938, 0.02819105978681181, 0.029228948484960295], "3": [0.028136012379221517, 0.02739229110462938, 0.028129090578736877, 0.02916131111316414]}, "TLV": {"1": [0.027866172239068728, 0.027506837998942248, 0.028315832715128244, 0.02939390766240021], "2": [0.02785002200836608, 0.027517179803111146, 0.028206981214364192, 0.029336467710680606], "3": [0.027938391876963148, 0.027448902497204303, 0.02817789755479774, 0.029239041127359196]}}, "hubert": {"YBAA": {"1": [0.027640586630194162, 0.027083701194334602, 0.028005105734569824, 0.029134577691296685], "2": [0.027449981742021515, 0.027067449155361308, 0.027907003553846822, 0.028989308230025903], "3": [0.027608055517683895, 0.027082560929752638, 0.027954033072955877, 0.029159608659368518]}, "ZHAA": {"1": [0.027914722459293356, 0.02747369213450508, 0.028213024009032438, 0.029324632219334058], "2": [0.027790796639826768, 0.02746696896191478, 0.02819899285323721, 0.029248956269920297], "3": [0.028180102632041903, 0.027370415963102183, 0.028091714069765374, 0.02912736546630615]}, "ASI": {"1": [0.027883704035133405, 0.02731452162785202, 0.028194084040922766, 0.029248455500215022], "2": [0.027756276126060617, 0.027308975875258625, 0.028177011911638378, 0.029249858327703923], "3": [0.02791880798300183, 0.027335810238720455, 0.028109089292744336, 0.029175750230253428]}, "TNI": {"1": [0.027850102429983644, 0.027372509661268703, 0.028205750543477993, 0.029289340716836414], "2": [0.027887573119585025, 0.02737768894456599, 0.0282043063299407, 0.029307428907586558], "3": [0.027884149176399493, 0.027326398895030267, 0.028126693947599073, 0.029219237246921437]}, "NCC": {"1": [0.027756276126060617, 0.02734379398264301, 0.02828955455523881, 0.029317570643521026], "2": [0.027772542394485365, 0.02739477097137263, 0.028269364687580633, 0.0293461163127464], "3": [0.027968813059032992, 0.02734606085284937, 0.028167572764125823, 0.029223780298578136]}, "TXHC": {"1": [0.02810117480074388, 0.02748697599736938, 0.028193620928478054, 0.029293619045696898], "2": [0.027931741701580293, 0.027511465913949967, 0.028189293934737965, 0.029239820452479446], "3": [0.028266571921134576, 0.027419809549195807, 0.02806263818564903, 0.029061293076635814]}, "EBVS": {"1": [0.02739059904557807, 0.02727953930988075, 0.028292654200486583, 0.029827035981533266], "2": [0.02739059904557807, 0.027193609162042644, 0.028327534864055422, 0.02973950559450533], "3": [0.02741983181099338, 0.02727953930988075, 0.028280895658990633, 0.029778998623006373]}, "ERMS": {"1": [0.02801389320154993, 0.027490655514671423, 0.028248381527322064, 0.029374775939667804], "2": [0.027833224215648086, 0.027507630497863193, 0.02820921778459827, 0.029318552049896574], "3": [0.028136012379221517, 0.02741358505892456, 0.028118075431631553, 0.029149400086995545]}, "YDCK": {"1": [0.027887877109066934, 0.027371459145156887, 0.028226440275450532, 0.02926349783442769], "2": [0.027741453595409738, 0.027393490361792394, 0.028234727653281413, 0.02933718984503122], "3": [0.027939066838508452, 0.02732756268995501, 0.02814101672384037, 0.029253251390650072]}, "YKWK": {"1": [0.027950019406487493, 0.027393512265482377, 0.028310562084260155, 0.029337344214775414], "2": [0.027753597278952272, 0.027423264663765396, 0.028309228836291892, 0.029403139073079433], "3": [0.02798104548692886, 0.02736319659571678, 0.028215081474850526, 0.029271759039514216]}, "THV": {"1": [0.028068484089654344, 0.027476316388034484, 0.028228127916075207, 0.029334350198312212], "2": [0.027882533633417403, 0.02748697599736938, 0.02819105978681181, 0.029228948484960295], "3": [0.028136012379221517, 0.02739229110462938, 0.028129090578736877, 0.02916131111316414]}, "TLV": {"1": [0.027866172239068728, 0.027506837998942248, 0.028315832715128244, 0.02939390766240021], "2": [0.02785002200836608, 0.027517179803111146, 0.028206981214364192, 0.029336467710680606], "3": [0.027938391876963148, 0.027448902497204303, 0.02817789755479774, 0.029239041127359196]}}, "wav2vec-base": {"YBAA": {"1": [0.027640586630194162, 0.027083701194334602, 0.028005105734569824, 0.029134577691296685], "2": [0.027449981742021515, 0.027067449155361308, 0.027907003553846822, 0.028989308230025903], "3": [0.027608055517683895, 0.027082560929752638, 0.027954033072955877, 0.029159608659368518]}, "ZHAA": {"1": [0.027914722459293356, 0.02747369213450508, 0.028213024009032438, 0.029324632219334058], "2": [0.027790796639826768, 0.02746696896191478, 0.02819899285323721, 0.029248956269920297], "3": [0.028180102632041903, 0.027370415963102183, 0.028091714069765374, 0.02912736546630615]}, "ASI": {"1": [0.027883704035133405, 0.02731452162785202, 0.028194084040922766, 0.029248455500215022], "2": [0.027756276126060617, 0.027308975875258625, 0.028177011911638378, 0.029249858327703923], "3": [0.02791880798300183, 0.027335810238720455, 0.028109089292744336, 0.029175750230253428]},